<?xml version="1.0" encoding="utf-8"?>
<extension version="2.5" type="template">
        <name>Pepmobile</name>
        <creationDate>05-31-2013</creationDate>
        <author>DaiNgo</author>
        <authorEmail>superqd89@gmail.com</authorEmail>
        <authorUrl>http://epiphanydev.com/</authorUrl>
        <copyright>Quoc Dai 2013</copyright>
        <license>GNU/GPL</license>
        <version>2.5.0</version>
        <description>Template_Pepmobile</description>
		
        <files>
                <filename>index.php</filename>
                <folder>css</folder>
				<folder>js</folder>
				<filename>templateDetails.xml</filename>
				<filename>index.html</filename>
        </files>
		<positions>
				<position>banner-left</position>
				<position>banner-right</position>
				<position>body-left</position>
				<position>body-right</position>
				<position>footer</position>
		</positions>
		

</extension>