<?xml version="1.0" encoding="utf-8"?>
	<extension type="module" version="1.7.0" client="site" method="upgrade">
	    <name>mod_slideshow</name>
	    <author>Vu cao</author>
	    <version>1.7.0</version>
	    <description>Show.</description>
	    <files>
			 <filename module="mod_slideshow">mod_slideshow.php</filename>
	        <filename>mod_slideshow.xml</filename>
	        <filename>index.html</filename>
	        <filename>helper.php</filename>
	        <filename>tmpl/default.php</filename>
	        <filename>tmpl/index.html</filename>
	    </files>
	    <help key="JHELP_EXTENSIONS_MODULE_MANAGER_MENU" />
              
	</extension>