<?xml version="1.0" encoding="utf-8"?>
<install type="module" version="1.5.0">
	<name>Module Phocagallery</name>
	
	<license>http://www.gnu.org/licenses/gpl-2.0.html GNU/GPL</license>
	<authorEmail>admin@joomla.org</authorEmail>
	<authorUrl>www.joomla.org</authorUrl>
	<version>2.5</version>
	<description>Slide Show Home</description>
	<files>
		<filename module="mod_phocagallery">mod_phocagallery.php</filename>
		<folder>tmpl</folder>
	    <filename>helper.php</filename>
		<filename>index.html</filename>		
		<filename>mod_phocagallery.xml</filename>
	</files>
	<help key="JHELP_EXTENSIONS_MODULE_MANAGER_MENU" />
	<config>
		<fields name="params">
			<fieldset name="basic">
				<field name="catid" type="text" default="" label="Category Phoca" description="Category Phoca"/>
			</fieldset>	
		</fields>
	</config>
</install>
